image_id,image_path,label,location
img_001.jpg,images/img_001.jpg,no_smoke,"Charminar, Hyderabad"
img_002.jpg,images/img_002.jpg,smoke,"Hitech City, Hyderabad"
img_003.jpg,images/img_003.jpg,no_smoke,"Tank Bund, Hyderabad"
img_004.jpg,images/img_004.jpg,smoke,"Banjara Hills, Hyderabad"
img_005.jpg,images/img_005.jpg,no_smoke,"Golconda Fort, Hyderabad"
img_006.jpg,images/img_006.jpg,smoke,"Secunderabad, Hyderabad"
img_007.jpg,images/img_007.jpg,no_smoke,"Necklace Road, Hyderabad"
img_008.jpg,images/img_008.jpg,smoke,"Kukatpally, Hyderabad"
img_009.jpg,images/img_009.jpg,no_smoke,"Madhapur, Hyderabad"
img_010.jpg,images/img_010.jpg,smoke,"Ameerpet, Hyderabad"
img_011.jpg,images/img_011.jpg,no_smoke,"Koti, Hyderabad"
img_012.jpg,images/img_012.jpg,smoke,"Shamshabad, Hyderabad"
img_013.jpg,images/img_013.jpg,no_smoke,"Miyapur, Hyderabad"
img_014.jpg,images/img_014.jpg,smoke,"LB Nagar, Hyderabad"
img_015.jpg,images/img_015.jpg,no_smoke,"Mehdipatnam, Hyderabad"
img_016.jpg,images/img_016.jpg,smoke,"Gachibowli, Hyderabad"
img_017.jpg,images/img_017.jpg,no_smoke,"Malakpet, Hyderabad"
img_018.jpg,images/img_018.jpg,smoke,"RTC Cross Roads, Hyderabad"
img_019.jpg,images/img_019.jpg,no_smoke,"Khairatabad, Hyderabad"
img_020.jpg,images/img_020.jpg,smoke,"Jubilee Hills, Hyderabad"
img_021.jpg,images/img_021.jpg,no_smoke,"Begumpet, Hyderabad"
img_022.jpg,images/img_022.jpg,smoke,"Somajiguda, Hyderabad"
img_023.jpg,images/img_023.jpg,no_smoke,"Attapur, Hyderabad"
img_024.jpg,images/img_024.jpg,smoke,"Dilsukhnagar, Hyderabad"
img_025.jpg,images/img_025.jpg,no_smoke,"Uppal, Hyderabad"
img_026.jpg,images/img_026.jpg,smoke,"Bowenpally, Hyderabad"
img_027.jpg,images/img_027.jpg,no_smoke,"Tolichowki, Hyderabad"
img_028.jpg,images/img_028.jpg,smoke,"Moosapet, Hyderabad"
img_029.jpg,images/img_029.jpg,no_smoke,"Patancheru, Hyderabad"
img_030.jpg,images/img_030.jpg,smoke,"Kompally, Hyderabad"
img_031.jpg,images/img_031.jpg,no_smoke,"Charminar, Hyderabad"
img_032.jpg,images/img_032.jpg,smoke,"Hitech City, Hyderabad"
img_033.jpg,images/img_033.jpg,no_smoke,"Tank Bund, Hyderabad"
img_034.jpg,images/img_034.jpg,smoke,"Banjara Hills, Hyderabad"
img_035.jpg,images/img_035.jpg,no_smoke,"Golconda Fort, Hyderabad"
img_036.jpg,images/img_036.jpg,smoke,"Secunderabad, Hyderabad"
img_037.jpg,images/img_037.jpg,no_smoke,"Necklace Road, Hyderabad"
img_038.jpg,images/img_038.jpg,smoke,"Kukatpally, Hyderabad"
img_039.jpg,images/img_039.jpg,no_smoke,"Madhapur, Hyderabad"
img_040.jpg,images/img_040.jpg,smoke,"Ameerpet, Hyderabad"
img_041.jpg,images/img_041.jpg,no_smoke,"Koti, Hyderabad"
img_042.jpg,images/img_042.jpg,smoke,"Shamshabad, Hyderabad"
img_043.jpg,images/img_043.jpg,no_smoke,"Miyapur, Hyderabad"
img_044.jpg,images/img_044.jpg,smoke,"LB Nagar, Hyderabad"
img_045.jpg,images/img_045.jpg,no_smoke,"Mehdipatnam, Hyderabad"
img_046.jpg,images/img_046.jpg,smoke,"Gachibowli, Hyderabad"
img_047.jpg,images/img_047.jpg,no_smoke,"Malakpet, Hyderabad"
img_048.jpg,images/img_048.jpg,smoke,"RTC Cross Roads, Hyderabad"
img_049.jpg,images/img_049.jpg,no_smoke,"Khairatabad, Hyderabad"
img_050.jpg,images/img_050.jpg,smoke,"Jubilee Hills, Hyderabad"
